2026-04-05_23-37-06,0,main.go:2026-04-05_23-37-06
2026-04-05_23-38-01,0,main.go:2026-04-05_23-38-01
2026-04-05_23-39-50,0,main.go:2026-04-05_23-39-50
2026-04-05_23-42-09,0,main.go:2026-04-05_23-42-09
2026-04-05_23-43-40,16,main.go:2026-04-05_23-43-40
2026-04-05_23-46-02,0,main.go:2026-04-05_23-46-02
2026-04-05_23-46-26,16,main.go:2026-04-05_23-46-26
2026-04-05_23-49-27,33,main.go:2026-04-05_23-49-27
2026-04-06_00-06-34,50,main.go:2026-04-06_00-06-34
2026-04-06_00-08-44,66,main.go:2026-04-06_00-08-44
2026-04-06_00-18-32,66,main.go:2026-04-06_00-18-32
2026-04-06_00-19-59,66,main.go:2026-04-06_00-19-59
2026-04-06_00-20-34,83,main.go:2026-04-06_00-20-34
2026-04-06_00-34-51,83,main.go:2026-04-06_00-34-51
2026-04-06_00-35-15,83,main.go:2026-04-06_00-35-15
2026-04-06_00-35-46,83,main.go:2026-04-06_00-35-46
2026-04-06_00-36-54,100,main.go:2026-04-06_00-36-54
