2026-03-17_14-01-31,0,draft.go:2026-03-17_14-01-31
2026-03-17_14-01-36,0,draft.go:2026-03-17_14-01-31
2026-03-17_14-02-00,0,draft.go:2026-03-17_14-01-31
2026-03-17_14-02-03,---,draft.go:2026-03-17_14-01-31
2026-03-17_14-09-37,0,draft.go:2026-03-17_14-09-37
2026-03-17_14-10-25,---,draft.go:2026-03-17_14-09-37
2026-03-17_14-18-43,0,draft.go:2026-03-17_14-18-43
2026-03-17_14-19-30,0,draft.go:2026-03-17_14-19-30
2026-03-17_14-19-46,0,draft.go:2026-03-17_14-19-46
2026-03-17_14-20-05,0,draft.go:2026-03-17_14-20-05
2026-03-17_14-21-04,0,draft.go:2026-03-17_14-21-04
2026-03-17_14-23-24,0,draft.go:2026-03-17_14-23-24
2026-03-17_14-24-22,0,draft.go:2026-03-17_14-24-22
2026-03-17_14-25-51,0,draft.go:2026-03-17_14-25-51
2026-03-17_14-26-48,0,draft.go:2026-03-17_14-26-48
2026-03-17_14-26-50,0,draft.go:2026-03-17_14-26-48
2026-03-17_14-26-51,0,draft.go:2026-03-17_14-26-48
2026-03-17_14-27-52,0,draft.go:2026-03-17_14-27-52
2026-03-17_14-28-16,0,draft.go:2026-03-17_14-28-16
2026-03-17_14-28-59,0,draft.go:2026-03-17_14-28-59
2026-03-17_14-29-26,0,draft.go:2026-03-17_14-29-26
2026-03-17_14-31-28,0,draft.go:2026-03-17_14-31-28
2026-03-17_14-31-52,0,draft.go:2026-03-17_14-31-52
2026-03-17_14-31-55,0,draft.go:2026-03-17_14-31-52
2026-03-17_14-31-56,0,draft.go:2026-03-17_14-31-52
2026-03-17_14-33-00,0,draft.go:2026-03-17_14-33-00
2026-03-17_14-36-02,0,draft.go:2026-03-17_14-36-02
2026-03-17_14-36-23,0,draft.go:2026-03-17_14-36-23
2026-03-17_14-54-09,0,draft.go:2026-03-17_14-54-09
2026-03-17_15-42-35,0,draft.go:2026-03-17_15-42-35
2026-03-17_15-42-47,0,draft.go:2026-03-17_15-42-47
2026-03-17_15-43-25,0,draft.go:2026-03-17_15-43-25
2026-03-17_15-43-45,0,draft.go:2026-03-17_15-43-45
2026-03-17_15-43-57,0,draft.go:2026-03-17_15-43-57
2026-03-17_15-46-32,0,draft.go:2026-03-17_15-46-32
2026-03-17_15-48-30,0,draft.go:2026-03-17_15-48-30
2026-03-17_15-48-47,0,draft.go:2026-03-17_15-48-30
2026-03-17_15-54-20,0,draft.go:2026-03-17_15-54-20
2026-03-17_15-54-37,0,draft.go:2026-03-17_15-54-37
2026-03-17_15-54-44,0,draft.go:2026-03-17_15-54-44
2026-03-17_15-54-51,0,draft.go:2026-03-17_15-54-51
2026-03-17_15-55-27,0,draft.go:2026-03-17_15-55-27
2026-03-17_15-56-44,0,draft.go:2026-03-17_15-56-44
2026-03-17_15-56-49,0,draft.go:2026-03-17_15-56-44
2026-03-17_15-56-51,0,draft.go:2026-03-17_15-56-44
2026-03-17_15-56-57,0,draft.go:2026-03-17_15-56-44
2026-03-17_16-00-18,0,draft.go:2026-03-17_15-56-44
2026-03-17_16-00-44,0,draft.go:2026-03-17_15-56-44
2026-03-17_16-00-47,0,draft.go:2026-03-17_15-56-44
2026-03-17_16-00-49,---,draft.go:2026-03-17_15-56-44
2026-03-17_16-03-19,0,draft.go:2026-03-17_16-03-19
2026-03-17_16-03-21,0,draft.go:2026-03-17_16-03-19
2026-03-17_16-03-22,0,draft.go:2026-03-17_16-03-19
2026-03-17_16-03-24,0,draft.go:2026-03-17_16-03-19
2026-03-17_16-03-25,0,draft.go:2026-03-17_16-03-19
2026-03-17_16-03-25,0,draft.go:2026-03-17_16-03-19
2026-03-17_16-03-25,0,draft.go:2026-03-17_16-03-19
2026-03-17_16-03-25,0,draft.go:2026-03-17_16-03-19
2026-03-17_16-03-25,0,draft.go:2026-03-17_16-03-19
2026-03-17_16-03-26,0,draft.go:2026-03-17_16-03-19
2026-03-17_16-05-57,0,draft.go:2026-03-17_16-05-57
2026-03-17_16-06-06,0,draft.go:2026-03-17_16-06-06
2026-03-17_16-06-17,0,draft.go:2026-03-17_16-06-17
2026-03-17_16-08-13,0,draft.go:2026-03-17_16-08-13
2026-03-17_16-08-24,0,draft.go:2026-03-17_16-08-24
2026-03-17_16-28-41,0,draft.go:2026-03-17_16-28-41
2026-03-17_16-28-50,0,draft.go:2026-03-17_16-28-50
2026-03-21_23-08-06,25,draft.go:2026-03-21_23-08-06
2026-03-21_23-08-48,100,draft.go:2026-03-21_23-08-48
2026-03-22_19-55-48,75,draft.go:2026-03-22_19-55-48
2026-03-22_19-56-23,100,draft.go:2026-03-22_19-55-48
2026-03-23_18-03-30,100,draft.go:2026-03-23_18-03-30
