2026-06-21_00-55-19,0,main.go:2026-06-21_00-55-19;queue.go:2026-06-21_00-55-19
2026-06-21_16-52-33,0,main.go:2026-06-21_00-55-19;queue.go:2026-06-21_00-55-19
2026-06-21_17-02-45,0,main.go:2026-06-21_17-02-45;queue.go:2026-06-21_00-55-19
2026-06-21_17-10-53,0,main.go:2026-06-21_17-10-53;queue.go:2026-06-21_00-55-19
2026-06-21_17-11-18,0,main.go:2026-06-21_17-11-18;queue.go:2026-06-21_00-55-19
2026-06-21_17-11-30,0,main.go:2026-06-21_17-11-30;queue.go:2026-06-21_00-55-19
2026-06-21_17-14-44,0,main.go:2026-06-21_17-14-44;queue.go:2026-06-21_00-55-19
2026-06-21_17-15-15,0,main.go:2026-06-21_17-14-44;queue.go:2026-06-21_00-55-19
2026-06-21_17-16-20,0,main.go:2026-06-21_17-16-20;queue.go:2026-06-21_00-55-19
2026-06-21_17-16-31,0,main.go:2026-06-21_17-16-31;queue.go:2026-06-21_00-55-19
2026-06-21_17-16-50,0,main.go:2026-06-21_17-16-50;queue.go:2026-06-21_00-55-19
2026-06-21_17-17-04,100,main.go:2026-06-21_17-17-04;queue.go:2026-06-21_00-55-19
2026-06-21_17-17-10,100,main.go:2026-06-21_17-17-04;queue.go:2026-06-21_00-55-19
