2026-06-26_23-51-52,25,main.go:2026-06-26_23-51-52;stack.go:2026-06-26_23-51-52
2026-06-30_22-25-56,0,main.go:2026-06-30_22-25-56;stack.go:2026-06-26_23-51-52
2026-06-30_22-26-24,0,main.go:2026-06-30_22-25-56;stack.go:2026-06-26_23-51-52
2026-06-30_22-27-20,0,main.go:2026-06-30_22-27-20;stack.go:2026-06-26_23-51-52
2026-06-30_22-27-21,0,main.go:2026-06-30_22-27-20;stack.go:2026-06-26_23-51-52
2026-06-30_22-27-25,0,main.go:2026-06-30_22-27-20;stack.go:2026-06-26_23-51-52
2026-06-30_22-27-42,25,main.go:2026-06-30_22-27-42;stack.go:2026-06-26_23-51-52
2026-06-30_22-28-25,0,main.go:2026-06-30_22-28-25;stack.go:2026-06-26_23-51-52
2026-06-30_22-29-09,25,main.go:2026-06-30_22-29-09;stack.go:2026-06-26_23-51-52
2026-06-30_22-58-33,0,main.go:2026-06-30_22-58-33;stack.go:2026-06-26_23-51-52
2026-06-30_23-03-28,0,main.go:2026-06-30_23-03-28;stack.go:2026-06-26_23-51-52
2026-06-30_23-09-32,0,main.go:2026-06-30_23-09-32;stack.go:2026-06-26_23-51-52
2026-06-30_23-09-34,0,main.go:2026-06-30_23-09-32;stack.go:2026-06-26_23-51-52
2026-06-30_23-10-22,25,main.go:2026-06-30_23-10-22;stack.go:2026-06-26_23-51-52
2026-06-30_23-11-10,100,main.go:2026-06-30_23-11-10;stack.go:2026-06-26_23-51-52
