2026-04-05_21-50-14,0,main.go:2026-04-05_21-50-14;pen.go:2026-04-05_21-50-14
2026-04-05_21-50-37,0,main.go:2026-04-05_21-50-14;pen.go:2026-04-05_21-50-14
2026-04-05_21-50-38,0,main.go:2026-04-05_21-50-14;pen.go:2026-04-05_21-50-14
2026-04-05_21-50-38,0,main.go:2026-04-05_21-50-14;pen.go:2026-04-05_21-50-14
2026-04-05_21-50-39,0,main.go:2026-04-05_21-50-14;pen.go:2026-04-05_21-50-14
2026-04-05_21-50-39,0,main.go:2026-04-05_21-50-14;pen.go:2026-04-05_21-50-14
2026-04-05_21-50-39,0,main.go:2026-04-05_21-50-14;pen.go:2026-04-05_21-50-14
2026-04-05_21-50-40,0,main.go:2026-04-05_21-50-14;pen.go:2026-04-05_21-50-14
2026-04-05_21-50-47,0,main.go:2026-04-05_21-50-14;pen.go:2026-04-05_21-50-14
2026-04-05_21-50-48,0,main.go:2026-04-05_21-50-14;pen.go:2026-04-05_21-50-14
