2026-03-13_16-27-05,---,draft.go:2026-03-13_16-27-05
2026-03-13_16-28-24,90,draft.go:2026-03-13_16-27-05
2026-03-13_16-28-34,90,draft.go:2026-03-13_16-28-34
2026-03-13_16-33-42,---,draft.go:2026-03-13_16-33-42
2026-03-13_16-34-24,80,draft.go:2026-03-13_16-33-42
2026-03-13_16-34-27,80,draft.go:2026-03-13_16-33-42
2026-03-13_16-34-27,80,draft.go:2026-03-13_16-33-42
2026-03-13_16-34-28,80,draft.go:2026-03-13_16-33-42
2026-03-13_16-36-52,90,draft.go:2026-03-13_16-36-52
2026-03-13_16-39-15,10,draft.go:2026-03-13_16-39-15
2026-03-13_16-41-20,10,draft.go:2026-03-13_16-41-20
